<elements>
  <namespace ns="Commons.Xml.Nvdl">
    <summary>To be added.</summary>
    <remarks>To be added.</remarks>
  </namespace>
  <namespace ns="Commons.Xml.Relaxng.Inference">
    <summary>To be added.</summary>
    <remarks>To be added.</remarks>
  </namespace>
  <namespace ns="Commons.Xml.Relaxng.Rnc">
    <summary>To be added.</summary>
    <remarks>To be added.</remarks>
  </namespace>
  <namespace ns="Commons.Xml.Relaxng.XmlSchema">
    <summary>To be added.</summary>
    <remarks>To be added.</remarks>
  </namespace>
  <namespace ns="">
    <summary />
    <remarks />
  </namespace>
  <namespace ns="Cairo">
    <summary>A binding to the 2D Cairo Graphics rendering API.</summary>
    <remarks>
      <para>
         The Mono.Cairo namespace is a binding to the
	 http://CairoGraphics.org API.
      </para>
      <para>
         Before Mono 1.2.5, this API only exposed the Cairo 1.0 API,
	 starting with Mono 1.2.5, this release exposes both the Cairo
	 1.0 and 1.2 APIs regardless of the underlying Cairo
	 implementation available on the underlying system.
      </para>
      <para>
         If you are planning on using the 1.2 API, you should first
	 check using the <see cref="M:Cairo.CairoAPI.Version" /> whether
	 you are running on a system that supports the 1.2 API before
	 making any 1.2 calls or make it a requirement that the system
	 must have a 1.2 Cairo installed.    Cairo 1.2 APIs have been
	 flagged in the documentation.
      </para>
      <para>
	Cairo draws into surfaces, there are many to choose from
	(in-memory image buffers, PDF surfaces, Postscript surfaces,
	hardware accelerated surfaces, Xlib surfaces and a handful
	more).  Drawing operations are performed on the Cairo surfaces, for example:
      </para>
      <example>
        <code lang="C#">
//
// To compile use: mcs test.cs -r:Mono.Cairo
//
// This generates a file test.png that contains the text
// "Hello, World" rendered with a serif font in blue, on a
// transparent background.
//
using Cairo;

class X {
	static void Main ()
	{
		//
		// Creates an Image-based surface with with data stored in
		// ARGB32 format.  
		//
		ImageSurface surface = new ImageSurface (Format.ARGB32, 240, 80);

		//
		// Create a context, "using" is used here to ensure that the
		// context is Disposed once we are done
		//
		using (Context ctx = new Cairo.Context (surface)){

			// Select a font to draw with
			ctx.SelectFontFace ("serif", FontSlant.Normal, FontWeight.Bold);
			ctx.SetFontSize (32.0);
			
			// Select a color (blue)
			ctx.SetSourceRGB (0, 0, 1);
			
			// Draw
			ctx.MoveTo (10, 50);
			ctx.ShowText ("Hello, World");
			
			surface.WriteToPng ("test.png");
		}
	}
}
	</code>
      </example>
      <para>
	To compile code that uses Mono.Cairo all you have to do is
	reference the Mono.Cairo assembly by passing the -r:Mono.Cairo command
	line option to the compiler or referencing the assembly from
	MonoDevelop.  The code is contained in the "Cairo" namespace.
      </para>
    </remarks>
  </namespace>
  <namespace ns="Mono.CSharp">
    <summary>C# Compiler Service and Runtime Evaulator.</summary>
    <remarks>
      <para>
	The Mono.CSharp.dll assembly is a repackaging of Mono's C#
	compiler and provides access to the C# compiler as a service.
	It implements a C# eval.  It allows applications to compile
	and execute C# statements and expressions at runtime.
      </para>
      <para>
	This API is not yet final and will likely change as we get a
	better understanding of how developers will like to use the
	Mono C# Compiler Service.  You can make a local copy of the
	Mono.CSharp.dll assembly and reference that locally as we are
	not commiting to the stability of this API yet. 
      </para>
      <para>
	The evaluator currently exposes a statement and expression API
	and will allow the consumer to execute statements or compute
	the value of expressions and get the results back.  Support
	for compiling classes will appear in a future version.  The
	<see cref="M:Mono.CSharp.Evaluator.Run(string)" /> method is a
	convenient way of executing expressions and stamtements and
	discarding the result.  If you want to get the results of
	executing an expression use the <see cref="M:Mono.CSharp.Evaluator.Evaluate(string)" /> method
	instead.
      </para>
      <para>
	Variables declared during evaluation will continue to be made
	available on upcoming invocations.  This allows variables to
	be declared and reused later.  
      </para>
      <para>
	The evaluator does not have direct access to any assemblies
	that are not explicitly referenced through the Evaluator's
	<see cref="M:Mono.CSharp.Evaluator.ReferenceAssembly(System.Reflection.Assembly)" />
	method.
      </para>
      <para>
	The API exposes similar entry points, some are used for
	read-eval-print loops where more control over partial-input is
	required.  Another set of entry points are provided when this
	functionality is not required.
      </para>
      <para>
	The following are limitations in the Mono 2.2 API and will change in the future:
      </para>
      <para>
	Using statements are currently global, once the using
	statement has been issued, it remains active.
      </para>
      <para>
	If you want to create local variables that are not visible
	across multiple evaluations, you will have to create a new
	<see cref="T:System.AppDomain" /> and invoke the compiler
	there.
      </para>
    </remarks>
  </namespace>
  <namespace ns="Mono.Data.Sqlite">
    <summary>To be added.</summary>
    <remarks>To be added.</remarks>
  </namespace>
  <namespace ns="Mono.Debugger">
    <summary>Mono Soft Debugger API</summary>
    <remarks>
      <para>This API is used to communicate with the debugging agent running 
	inside a mono runtime.
	</para>
      <para>The API is based on and is very similar to the <format type="text/html"><a href="http://java.sun.com/j2se/1.5.0/docs/guide/jpda/jdi/index.html">Java Debug Interface.</a> If documentation is missing, the JDI documentation can be consulted instead.</format></para>
      <para>
	In this documentation, debuggee refers to the remote process running the mono runtime which this API communicates with.
	</para>
      <para>A <c>Mirror</c> object represents an entity in the debuggee. There is usually one mirror subclass for each type of entity, i.e. <c>TypeMirror</c> for types, <c>AppDomainMirror</c> for application domains etc. These classes usually have a similar set of properties/methods as their non-mirror counterparts, the difference is that calling these properties/methods might result in a remote call to the debuggee to request information. The results of these remote calls are usually cached in the mirror object, so when multiple calls are made to <c>TypeMirror.Name</c>, for example, only the first call involves a remote operation. The <c>ToString()/Equals()/GetHashCode ()</c> methods are an exception, these are guaranteed to only access local state.
	</para>
      <para>Differences between this API and JDI:
	<list type="bullet"><item><term>There is only one namespace, instead of 5 in JDI.</term></item><item><term>The API uses classes, while JDI uses interfaces.</term></item><item><term>No SPI interface yet.</term></item><item><term>Information is accessed using C# properties instead of methods.</term></item><item><term>There are fewer classes, i.e. <c>EventQueue</c>/<c>EventRequestManager</c> is integrated into <c>VirtualMachine</c>.</term></item><item><term>Values which have primitive types i.e. int are represented by a class called <c>PrimitiveValue</c>, instead of a separate class for each primitive type.</term></item></list></para>
    </remarks>
  </namespace>
  <namespace ns="Mono.Options">
    <summary>To be added.</summary>
    <remarks>To be added.</remarks>
  </namespace>
  <namespace ns="Mono.Options">
    <summary>Types to help parse command-line options.</summary>
    <remarks>Types to help parse command-line options.</remarks>
  </namespace>
  <namespace ns="Mono.Collections.Concurrent">
    <summary>To be added.</summary>
    <remarks>To be added.</remarks>
  </namespace>
  <namespace ns="Mono.Threading.Tasks">
    <summary>To be added.</summary>
    <remarks>To be added.</remarks>
  </namespace>
  <namespace ns="Mono.Threading">
    <summary>To be added.</summary>
    <remarks>To be added.</remarks>
  </namespace>
  <namespace ns="Mono.Posix">
    <summary>The deprecated Mono.Posix namespace, use 
      <see cref="N:Mono.Unix" /> instead.
    </summary>
    <remarks>This namespace provides functionality to access Posix/Unix features.  It has been deprecated in favor of the new <see cref="N:Mono.Unix" /> namespace.</remarks>
  </namespace>
  <namespace ns="Mono.Remoting.Channels.Unix">
    <summary>To be added.</summary>
    <remarks>To be added.</remarks>
  </namespace>
  <namespace ns="Mono.Unix.Native">
    <summary>Low-level Unix wrapper types.</summary>
    <remarks>
      <para>The Mono.Unix.Native namespace contains 
        low-level wrapper classes, structures, and enumerations
        which are accessible from the <see cref="T:Mono.Unix.Native.Syscall" /> 
        and <see cref="T:Mono.Unix.Native.Stdlib" /> classes, which are
        a low-level wrappers over ANSI C, POSIX and Unix system calls and library
        functions.</para>
      <block subset="none" type="note">
        <para>Thread-safety wasn't handled in the original Unix API.  While
        some degree of thread-safety is provided from managed code, it is
        impossible to provide full thread-safety for interactions between
        managed and unmanaged code.  For example, if you DllImport into a C
        library which uses non-thread-safe Unix functions which are also
        exposed in Mono.Unix.Native, you may have threading issues including, but not
        limited to, memory corruption.</para>
        <para>An effort is made to provide thread-safety from managed code,
        but it is impossible to know all dependencies for all potential
        Unix-like platforms.  For example, is <see cref="M:Mono.Unix.Native.Stdlib.fopen" /> thread-safe?  It appears to be under
        glibc, but isn't necessarily under all Unix platforms.  
        <c>Mono.Unix.Native.Stdlib</c> assumes that it is.  Only <i>obviously</i> 
        unsafe exports are actually synchronized from managed code, such as 
        <see cref="M:Mono.Unix.Native.Stdlib.tmpnam" /> and 
        <see cref="M:Mono.Unix.Native.Stdlib.strerror" />.</para>
      </block>
      <para>Documentation is based upon the FreeBSD man pages, which is under the 
      following copyright:</para>
      <example>
        <code lang="FreeBSD Copyright">
Copyright (c) 1980, 1983, 1986, 1991, 1993
    The Regents of the University of California.  All rights reserved.

Redistribution and use in source and binary forms, with or without
modification, are permitted provided that the following conditions
are met:
1. Redistributions of source code must retain the above copyright
   notice, this list of conditions and the following disclaimer.
2. Redistributions in binary form must reproduce the above copyright
   notice, this list of conditions and the following disclaimer in the
   documentation and/or other materials provided with the distribution.
3. All advertising materials mentioning features or use of this software
   must display the following acknowledgement:
    This product includes software developed by the University of
    California, Berkeley and its contributors.
4. Neither the name of the University nor the names of its contributors
   may be used to endorse or promote products derived from this software
   without specific prior written permission.
      </code>
      </example>
    </remarks>
  </namespace>
  <namespace ns="Mono.Unix">
    <summary>High-level Unix wrapper types.</summary>
    <remarks>
      <para>The Mono.Unix namespace contains 
        high-level wrapper classes, which provide .NET naming and
        usage conventions over the low-level 
        <see cref="T:Mono.Unix.Native.Syscall" /> and 
        <see cref="T:Mono.Unix.Native.Stdlib" /> functionality.
      </para>
      <para>
				If an exception is generated due to an operating system-level error
				(as opposed to invalid arguments or some fully managed reason), the
				exception thrown will either inherit from 
				<see cref="T:Mono.Unix.UnixIOException" />, or the
				<see cref="P:System.Exception.InnerException" /> property will be a
				type inheriting from <c>UnixIOException</c>.  In either case, the
				<see cref="P:Mono.Unix.UnixIOException.ErrorCode" /> property will
				contain the underlying error number that generated the exception.
				This error number can be used to look up additional information if
				necessary.
			</para>
      <block subset="none" type="note">
        <para>Thread-safety wasn't considered in the original Unix API.  While
        some degree of thread-safety is provided from managed code, it is
        impossible to provide full thread-safety for interactions between
        managed and unmanaged code.  For example, if you DllImport into a C
        library which uses non-thread-safe Unix functions which are also
        exposed in Mono.Unix, you may have threading issues including, but not
        limited to, memory corruption.</para>
        <para>An effort is made to provide thread-safety from managed code,
        but it is impossible to know all dependencies for all potential
        Unix-like platforms.  For example, is <see cref="M:Mono.Unix.Native.Stdlib.fopen" /> thread-safe?  It appears to be under
        glibc, but isn't necessarily under all Unix platforms.  
        <c>Mono.Unix.Native.Stdlib</c> assumes that it is.  Only <i>obviously</i> 
        unsafe exports are actually synchronized from managed code, such as 
        <see cref="M:Mono.Unix.Native.Stdlib.tmpnam" /> and 
        <see cref="M:Mono.Unix.Native.Stdlib.strerror" />.</para>
      </block>
      <para>Documentation is based upon the FreeBSD man pages, which is under the 
      following copyright:</para>
      <example>
        <code lang="FreeBSD Copyright">
Copyright (c) 1980, 1983, 1986, 1991, 1993
    The Regents of the University of California.  All rights reserved.

Redistribution and use in source and binary forms, with or without
modification, are permitted provided that the following conditions
are met:
1. Redistributions of source code must retain the above copyright
   notice, this list of conditions and the following disclaimer.
2. Redistributions in binary form must reproduce the above copyright
   notice, this list of conditions and the following disclaimer in the
   documentation and/or other materials provided with the distribution.
3. All advertising materials mentioning features or use of this software
   must display the following acknowledgement:
    This product includes software developed by the University of
    California, Berkeley and its contributors.
4. Neither the name of the University nor the names of its contributors
   may be used to endorse or promote products derived from this software
   without specific prior written permission.
      </code>
      </example>
    </remarks>
  </namespace>
  <namespace ns="Mono.Security.Cryptography">
    <summary>To be added.</summary>
    <remarks>To be added.</remarks>
  </namespace>
  <namespace ns="Mono.Math.Prime.Generator">
    <summary>To be added.</summary>
    <remarks>To be added.</remarks>
  </namespace>
  <namespace ns="Mono.Math.Prime">
    <summary>To be added.</summary>
    <remarks>To be added.</remarks>
  </namespace>
  <namespace ns="Mono.Math">
    <summary>To be added.</summary>
    <remarks>To be added.</remarks>
  </namespace>
  <namespace ns="Mono.Security.Authenticode">
    <summary>To be added.</summary>
    <remarks>To be added.</remarks>
  </namespace>
  <namespace ns="Mono.Security.Cryptography">
    <summary>To be added.</summary>
    <remarks>To be added.</remarks>
  </namespace>
  <namespace ns="Mono.Security.Protocol.Ntlm">
    <summary>To be added.</summary>
    <remarks>To be added.</remarks>
  </namespace>
  <namespace ns="Mono.Security.X509.Extensions">
    <summary>To be added.</summary>
    <remarks>To be added.</remarks>
  </namespace>
  <namespace ns="Mono.Security.X509">
    <summary>To be added.</summary>
    <remarks>To be added.</remarks>
  </namespace>
  <namespace ns="Mono.Security">
    <summary>To be added.</summary>
    <remarks>To be added.</remarks>
  </namespace>
  <namespace ns="Mono.Xml">
    <summary>To be added.</summary>
    <remarks>To be added.</remarks>
  </namespace>
  <namespace ns="Mono.Simd">
    <summary>
      Hardware accelerated SIMD-based primitives.
    </summary>
    <remarks>
      <para>
	Important: the Mono.Simd assembly is a work-in-progress API
	and has not been finalized.  We are publishing the assembly
	and the documentation hoping to get input and feedback from
	the community.   
      </para>
      <para>
        The Mono.Simd namespace provides a number of classes that are
        hardware accelerated by mapping the classes and the actual
        operations to native SIMD instructions on a processor. 
      </para>
      <para>
        When the Mono runtime's SIMD optimization are active the
        operations on the structures defined in this namespace are
        mapped to hardware operations which can improve the
        performance of your graphics, multimedia or 3D operations
        significantly. 
      </para>
      <para>
        Code that uses the types defined in the Mono.Simd assembly
        will work even on systems that do not have hardware SIMD
        operations, systems where Mono has not added support for the
        native SIMD operations and even on the Microsoft.NET runtime
        as it currently does not have support for hardware accelerated
        SIMD operations.
      </para>
      <para>
        You can control whether the runtime will map the operations to
        SIMD primitives by using the -O command line option and
        specifying -O=simd to enable or -O=-simd to disable.
      </para>
      <para>
         The operations that are hardware accelerated are flagged with
         the Acceleration attribute on each individual method.   The
         Mode property describes the minimum version of CPU
         functionality required to use the operation.   Software can
         use this flag to determine if they want to use the operations
         implemented in software or not.
      </para>
      <para>
	Casting operations are also cheap, converting from one data
	type to another have a very low cost.  This is useful to move
	information back and forth from floating point values to
	integers.
      </para>
    </remarks>
  </namespace>
</elements>